,City,Cloudiness,Country,Date,Humidity,Lat,Lng,Max_temp,Wind_speed
1,pangkalanbuun,68.0,ID,2018-11-13,87.0,-2.68,111.62,85.63,4.27
2,mataura,0.0,NZ,2018-11-13,64.0,-46.19,168.86,60.3,8.93
3,menomonie,90.0,US,2018-11-13,56.0,44.88,-91.92,17.06,10.29
4,kodiak,1.0,US,2018-11-13,80.0,39.95,-94.76,17.06,8.05
5,almaznyy,92.0,RU,2018-11-13,89.0,48.03,40.04,27.04,17.13
6,mayo,90.0,CA,2018-11-13,92.0,63.59,-135.9,23.0,2.77
7,nelson bay,0.0,AU,2018-11-13,57.0,-32.72,152.14,77.0,16.11
8,saint-leu,20.0,RE,2018-11-13,69.0,-21.15,55.28,82.4,13.87
9,husavik,64.0,CA,2018-11-13,91.0,50.56,-96.99,13.95,6.85
10,ajdabiya,0.0,LY,2018-11-13,94.0,30.75,20.22,57.64,5.35
11,nikolskoye,90.0,RU,2018-11-13,96.0,59.7,30.79,33.8,8.95
12,vanimo,36.0,PG,2018-11-13,100.0,-2.67,141.3,83.83,5.91
13,monterey,1.0,US,2018-11-13,39.0,36.6,-121.89,51.98,3.04
14,cape town,90.0,ZA,2018-11-13,72.0,-33.93,18.42,64.4,8.05
15,marawi,92.0,PH,2018-11-13,100.0,8.0,124.29,71.86,2.89
16,lavrentiya,0.0,RU,2018-11-13,100.0,65.58,-170.99,29.61,38.34
17,faanui,80.0,PF,2018-11-13,100.0,-16.48,-151.75,75.33,10.87
18,hermanus,8.0,ZA,2018-11-13,71.0,-34.42,19.24,62.59,4.12
19,rikitea,68.0,PF,2018-11-13,100.0,-23.12,-134.97,73.39,10.38
20,palora,64.0,EC,2018-11-13,100.0,-1.7,-77.97,62.28,2.21
21,busselton,0.0,AU,2018-11-13,88.0,-33.64,115.35,68.53,9.93
22,jumla,8.0,NP,2018-11-13,61.0,29.28,82.18,40.09,1.88
23,severo-kurilsk,92.0,RU,2018-11-13,100.0,50.68,156.12,40.68,11.39
24,albany,90.0,US,2018-11-13,76.0,42.65,-73.75,42.08,6.93
25,punta arenas,75.0,CL,2018-11-13,76.0,-53.16,-70.91,48.2,14.99
26,lincoln,40.0,GB,2018-11-13,87.0,53.23,-0.54,46.4,20.8
27,westport,20.0,IE,2018-11-13,93.0,53.8,-9.52,42.8,9.17
28,bluff,0.0,AU,2018-11-13,25.0,-23.58,149.07,89.64,8.93
29,kapaa,40.0,US,2018-11-13,64.0,22.08,-159.32,75.92,16.11
30,tiksi,32.0,RU,2018-11-13,61.0,71.64,128.87,-13.06,4.5
31,tuktoyaktuk,40.0,CA,2018-11-13,76.0,69.44,-133.03,-7.61,11.41
32,norman wells,90.0,CA,2018-11-13,92.0,65.28,-126.83,14.0,4.7
33,vila franca do campo,75.0,PT,2018-11-13,88.0,37.72,-25.43,66.2,12.75
34,aklavik,90.0,CA,2018-11-13,77.0,68.22,-135.01,-0.41,13.87
35,port alfred,12.0,ZA,2018-11-13,79.0,-33.59,26.89,70.51,12.1
36,camocim,32.0,BR,2018-11-13,90.0,-2.9,-40.84,77.04,11.61
37,bethel,90.0,US,2018-11-13,96.0,60.79,-161.76,21.92,28.86
38,szentes,0.0,HU,2018-11-13,75.0,46.65,20.26,44.6,6.93
39,saint-philippe,90.0,CA,2018-11-13,92.0,45.36,-73.48,36.14,5.82
40,tilichiki,12.0,RU,2018-11-13,77.0,60.47,166.1,-11.8,3.27
41,vaini,0.0,IN,2018-11-13,25.0,15.34,74.49,88.74,5.23
42,new norfolk,0.0,AU,2018-11-13,18.0,-42.78,147.06,82.4,20.8
43,dikson,88.0,RU,2018-11-13,100.0,73.51,80.55,2.79,43.71
44,ushuaia,0.0,AR,2018-11-13,52.0,-54.81,-68.31,42.8,8.05
45,kruisfontein,64.0,ZA,2018-11-13,86.0,-34.0,24.73,65.43,21.16
46,butaritari,12.0,KI,2018-11-13,100.0,3.07,172.79,85.81,11.77
47,hithadhoo,80.0,MV,2018-11-13,99.0,-0.6,73.08,83.29,17.13
48,champerico,0.0,MX,2018-11-13,93.0,16.38,-93.6,64.89,1.88
49,lesnoye,0.0,RU,2018-11-13,79.0,51.57,42.77,13.23,10.42
50,bubaque,8.0,GW,2018-11-13,100.0,11.28,-15.83,83.34,13.18
51,tiznit,36.0,MA,2018-11-13,100.0,29.7,-9.73,54.94,3.38
52,nyurba,12.0,RU,2018-11-13,53.0,63.29,118.35,-4.42,4.12
53,ribeira grande,100.0,PT,2018-11-13,98.0,38.52,-28.7,67.63,24.7
54,cayenne,0.0,GF,2018-11-13,94.0,4.94,-52.33,75.2,5.35
55,tasiilaq,88.0,GL,2018-11-13,74.0,65.61,-37.64,30.2,9.17
56,coahuayana,0.0,MX,2018-11-13,81.0,18.62,-100.35,57.46,2.04
57,ponta do sol,76.0,BR,2018-11-13,97.0,-20.63,-46.0,64.84,4.5
58,grants pass,1.0,US,2018-11-13,15.0,42.44,-123.33,53.06,12.75
59,carnarvon,36.0,ZA,2018-11-13,10.0,-30.97,22.13,74.07,4.79
60,yellowknife,90.0,CA,2018-11-13,78.0,62.45,-114.38,10.4,16.11
61,luderitz,8.0,NA,2018-11-13,86.0,-26.65,15.16,58.95,9.6
62,ventspils,90.0,LV,2018-11-13,93.0,57.39,21.56,50.0,17.22
63,petropavlovsk-kamchatskiy,40.0,RU,2018-11-13,93.0,53.05,158.65,37.4,2.24
64,junnar,0.0,IN,2018-11-13,27.0,19.21,73.88,86.08,3.71
65,havoysund,75.0,NO,2018-11-13,100.0,71.0,24.66,41.0,10.29
66,pitimbu,24.0,BR,2018-11-13,97.0,-7.47,-34.81,78.84,9.86
67,luba,0.0,PH,2018-11-13,66.0,17.32,120.7,83.97,5.79
68,bredasdorp,44.0,ZA,2018-11-13,68.0,-34.53,20.04,68.0,5.82
69,esperance,40.0,TT,2018-11-13,100.0,10.24,-61.45,77.0,7.29
70,hilo,40.0,US,2018-11-13,93.0,19.71,-155.08,71.96,3.36
71,richards bay,0.0,ZA,2018-11-13,70.0,-28.77,32.06,73.03,16.91
72,abha,0.0,SA,2018-11-13,49.0,18.22,42.5,69.8,6.93
73,piranhas,80.0,BR,2018-11-13,78.0,-9.61,-37.76,75.73,10.83
74,corrales,24.0,CO,2018-11-13,91.0,5.83,-72.84,43.33,0.58
75,atuona,48.0,PF,2018-11-13,100.0,-9.8,-139.03,80.64,18.7
76,barrow,88.0,AR,2018-11-13,98.0,-38.31,-60.23,65.29,1.48
77,gushikawa,90.0,JP,2018-11-13,72.0,26.35,127.87,73.4,11.41
78,marystown,44.0,CA,2018-11-13,97.0,47.17,-55.16,37.8,24.14
79,yelizovo,40.0,RU,2018-11-13,93.0,53.19,158.38,37.4,2.24
80,mindelo,0.0,PT,2018-11-13,100.0,41.31,-8.72,44.6,5.82
81,westerland,90.0,NL,2018-11-13,87.0,52.89,4.93,53.6,23.04
82,puerto escondido,0.0,MX,2018-11-13,100.0,15.86,-97.07,83.79,12.44
83,onega,92.0,RU,2018-11-13,100.0,63.91,38.09,36.72,20.83
84,puerto ayora,76.0,EC,2018-11-13,100.0,-0.74,-90.35,71.37,12.28
85,muramatsu,75.0,JP,2018-11-13,58.0,37.68,139.18,57.2,10.29
86,atambua,12.0,ID,2018-11-13,82.0,-9.11,124.89,86.08,4.79
87,upernavik,36.0,GL,2018-11-13,100.0,72.79,-56.15,17.59,14.63
88,jalu,8.0,LY,2018-11-13,74.0,29.03,21.55,59.49,6.51
89,itarema,88.0,BR,2018-11-13,90.0,-2.92,-39.92,77.85,10.16
90,santa maria,76.0,BR,2018-11-13,53.0,-29.69,-53.81,79.78,12.62
91,tateyama,75.0,JP,2018-11-13,71.0,36.66,137.31,57.2,9.17
92,kieta,88.0,PG,2018-11-13,95.0,-6.22,155.63,81.58,5.79
93,saint george,75.0,GR,2018-11-13,81.0,39.45,22.34,51.8,9.17
94,stuttgart,75.0,DE,2018-11-13,93.0,48.78,9.18,51.8,8.05
95,nome,90.0,US,2018-11-13,79.0,30.04,-94.42,46.94,23.04
96,novo aripuana,32.0,BR,2018-11-13,81.0,-5.12,-60.38,81.13,1.32
97,cruzeiro do sul,0.0,BR,2018-11-13,94.0,-7.63,-72.67,77.0,2.48
98,kavaratti,0.0,IN,2018-11-13,93.0,10.57,72.64,87.43,8.63
99,itoman,75.0,JP,2018-11-13,64.0,26.12,127.67,73.4,20.8
100,fershampenuaz,20.0,RU,2018-11-13,60.0,53.52,59.82,20.38,10.94
101,alice springs,56.0,AU,2018-11-13,16.0,-23.7,133.88,96.8,8.05
102,melfi,5.0,IT,2018-11-13,87.0,41.0,15.66,44.6,5.82
103,bindi,0.0,NG,2018-11-13,56.0,12.86,8.84,61.11,3.11
104,hobart,0.0,AU,2018-11-13,18.0,-42.88,147.33,82.4,20.8
105,montepuez,12.0,MZ,2018-11-13,54.0,-13.13,39.0,75.91,11.54
106,tura,0.0,IN,2018-11-13,71.0,25.52,90.21,78.57,4.23
107,qaanaaq,64.0,GL,2018-11-13,100.0,77.48,-69.36,7.38,4.9
108,chernyshevskiy,32.0,RU,2018-11-13,100.0,63.01,112.47,-5.99,4.9
109,izhma,88.0,RU,2018-11-13,75.0,65.01,53.91,26.19,8.37
110,kaitangata,12.0,NZ,2018-11-13,70.0,-46.28,169.85,60.16,7.52
111,benjamin hill,0.0,MX,2018-11-13,36.0,30.17,-111.1,46.66,16.42
112,nanortalik,80.0,GL,2018-11-13,85.0,60.14,-45.24,36.45,27.6
113,sitka,0.0,US,2018-11-13,69.0,37.17,-99.65,10.84,6.58
114,clyde river,1.0,CA,2018-11-13,83.0,70.47,-68.59,-9.41,6.93
115,verkhniy baskunchak,56.0,KZ,2018-11-13,61.0,48.23,46.72,25.65,20.67
116,saint-augustin,90.0,FR,2018-11-13,100.0,44.83,-0.61,48.2,2.24
117,castro,0.0,CL,2018-11-13,99.0,-42.48,-73.76,40.32,2.71
118,botad,0.0,IN,2018-11-13,35.0,22.17,71.67,90.45,4.56
119,cabo san lucas,5.0,MX,2018-11-13,64.0,22.89,-109.91,68.0,8.05
120,alofi,76.0,NU,2018-11-13,78.0,-19.06,-169.92,77.0,5.82
121,gobabis,0.0,NA,2018-11-13,19.0,-22.45,18.97,73.35,14.12
122,jamestown,32.0,AU,2018-11-13,41.0,-33.21,138.6,76.05,5.28
123,summerville,90.0,US,2018-11-13,100.0,33.02,-80.17,69.8,11.32
124,georgetown,0.0,GY,2018-11-13,100.0,6.8,-58.16,75.2,2.24
125,lagoa,0.0,PT,2018-11-13,93.0,37.14,-8.45,53.6,4.7
126,hamilton,20.0,BM,2018-11-13,60.0,32.3,-64.78,69.8,14.99
127,progreso,90.0,UY,2018-11-13,88.0,-34.68,-56.22,71.6,13.87
128,maragogi,88.0,BR,2018-11-13,100.0,-9.01,-35.22,74.52,3.78
129,storforshei,75.0,NO,2018-11-13,100.0,66.4,14.52,37.4,2.04
130,kavieng,36.0,PG,2018-11-13,100.0,-2.57,150.8,85.23,7.92
131,tomatlan,24.0,MX,2018-11-13,76.0,19.93,-105.25,69.21,2.26
132,touros,92.0,BR,2018-11-13,98.0,-5.2,-35.46,76.36,10.83
133,kualakapuas,40.0,ID,2018-11-13,70.0,-3.01,114.39,87.8,3.36
134,dabat,0.0,ET,2018-11-13,66.0,12.98,37.77,65.25,2.59
135,port shepstone,0.0,ZA,2018-11-13,86.0,-30.74,30.45,72.18,24.36
136,oyama,75.0,JP,2018-11-13,67.0,36.31,139.8,59.0,13.87
137,vardo,90.0,US,2018-11-13,85.0,39.62,-77.74,42.8,6.93
138,port elizabeth,90.0,US,2018-11-13,100.0,39.31,-74.98,53.6,4.7
139,avarua,40.0,CK,2018-11-13,78.0,-21.21,-159.78,78.8,9.17
140,saint-pierre,90.0,FR,2018-11-13,93.0,48.95,4.24,51.8,11.41
141,rocha,88.0,UY,2018-11-13,86.0,-34.48,-54.34,69.57,14.79
142,talnakh,12.0,RU,2018-11-13,80.0,69.49,88.39,-26.47,10.83
143,alta floresta,64.0,BR,2018-11-13,97.0,-9.87,-56.08,71.64,3.0
144,abu samrah,80.0,SY,2018-11-13,90.0,35.3,37.18,52.47,3.38
145,provideniya,20.0,RU,2018-11-13,62.0,64.42,-173.23,23.0,17.9
146,chambas,20.0,CU,2018-11-13,78.0,22.19,-78.91,80.6,8.05
147,arraial do cabo,76.0,BR,2018-11-13,96.0,-22.97,-42.02,73.71,15.9
148,benguela,0.0,AO,2018-11-13,100.0,-12.58,13.4,77.04,2.04
149,thompson,90.0,CA,2018-11-13,77.0,55.74,-97.86,5.0,6.93
150,leh,68.0,IN,2018-11-13,89.0,34.16,77.58,13.54,1.48
151,kurchum,24.0,KZ,2018-11-13,100.0,48.57,83.65,4.86,2.48
152,longyearbyen,40.0,NO,2018-11-13,72.0,78.22,15.63,17.6,8.05
153,hami,92.0,CN,2018-11-13,87.0,42.84,93.51,32.04,3.56
154,cherskiy,0.0,RU,2018-11-13,50.0,68.75,161.3,-16.75,2.04
155,sandwick,92.0,GB,2018-11-13,100.0,54.57,-2.89,44.6,24.16
156,iqaluit,40.0,CA,2018-11-13,77.0,63.75,-68.52,-0.41,5.82
157,saskylakh,24.0,RU,2018-11-13,70.0,71.97,114.09,-23.5,5.61
158,mahebourg,40.0,MU,2018-11-13,74.0,-20.41,57.7,80.6,12.75
159,sao filipe,0.0,CV,2018-11-13,100.0,14.9,-24.5,74.61,16.91
160,sao joao da barra,76.0,BR,2018-11-13,100.0,-21.64,-41.05,75.51,14.34
161,razdolnoye,88.0,RU,2018-11-13,97.0,43.7,44.53,37.89,4.34
162,edinburg,90.0,US,2018-11-13,71.0,26.3,-98.16,50.0,17.22
163,san cristobal,75.0,EC,2018-11-13,93.0,-0.39,-78.55,51.8,3.36
164,anadyr,20.0,RU,2018-11-13,76.0,64.73,177.51,-7.61,17.9
165,codrington,64.0,AU,2018-11-13,76.0,-28.95,153.24,69.12,5.57
166,mzimba,8.0,MW,2018-11-13,59.0,-11.9,33.6,68.71,8.93
167,kutum,0.0,SD,2018-11-13,23.0,14.2,24.66,61.69,9.82
168,nepomuceno,0.0,BR,2018-11-13,94.0,-21.23,-45.23,63.9,7.36
169,aldan,56.0,RU,2018-11-13,66.0,58.61,125.39,7.11,3.38
170,oromocto,40.0,CA,2018-11-13,79.0,45.85,-66.47,24.8,2.24
171,yar-sale,92.0,RU,2018-11-13,91.0,66.83,70.83,31.14,25.7
172,mana,40.0,RS,2018-11-13,100.0,43.52,20.24,44.6,2.04
173,cockburn town,68.0,TC,2018-11-13,99.0,21.46,-71.14,81.72,19.66
174,lorengau,36.0,PG,2018-11-13,100.0,-2.02,147.27,83.7,9.42
175,sept-iles,90.0,CA,2018-11-13,79.0,50.2,-66.38,21.2,4.7
176,solnechnyy,36.0,RU,2018-11-13,74.0,50.72,136.64,32.08,7.29
177,qaqortoq,88.0,GL,2018-11-13,30.0,60.72,-46.03,41.0,27.51
178,wanxian,76.0,CN,2018-11-13,81.0,30.8,108.39,54.58,2.59
179,koungheul,32.0,SN,2018-11-13,64.0,13.98,-14.8,70.24,3.6
180,skjervoy,75.0,NO,2018-11-13,93.0,70.03,20.97,42.8,5.57
181,nampula,20.0,MZ,2018-11-13,64.0,-15.12,39.26,75.2,11.41
182,bunia,68.0,CD,2018-11-13,93.0,1.56,30.25,67.99,4.27
183,katangli,92.0,RU,2018-11-13,100.0,51.71,143.23,37.44,12.77
184,greece,90.0,US,2018-11-13,81.0,43.21,-77.69,39.02,6.93
185,ostrovnoy,80.0,RU,2018-11-13,95.0,68.05,39.51,31.05,20.04
186,kamuli,36.0,UG,2018-11-13,100.0,0.94,33.12,69.61,4.56
187,vao,92.0,EE,2018-11-13,98.0,59.1,26.19,43.65,15.79
188,kaeo,44.0,NZ,2018-11-13,42.0,-35.1,173.78,69.21,9.42
189,vostok,88.0,RU,2018-11-13,77.0,46.45,135.83,29.07,3.04
190,salalah,0.0,OM,2018-11-13,48.0,17.01,54.1,84.2,3.36
191,labelle,1.0,US,2018-11-13,90.0,26.76,-81.44,73.94,5.82
192,moose factory,1.0,CA,2018-11-13,78.0,51.26,-80.61,8.6,13.87
193,tagusao,36.0,PH,2018-11-13,97.0,9.19,117.81,82.17,4.05
194,robore,0.0,BO,2018-11-13,67.0,-18.33,-59.76,80.73,11.83
195,chuy,76.0,UY,2018-11-13,88.0,-33.69,-53.46,70.78,22.57
196,masoli,0.0,PH,2018-11-13,70.0,13.36,123.39,85.86,7.29
197,kisangani,64.0,CD,2018-11-13,86.0,0.52,25.21,77.13,2.71
198,paita,0.0,PE,2018-11-13,86.0,-5.09,-81.11,67.54,5.73
199,takoradi,92.0,GH,2018-11-13,100.0,4.89,-1.75,80.68,5.91
200,natal,40.0,BR,2018-11-13,74.0,-5.81,-35.21,80.6,10.29
201,haines junction,24.0,CA,2018-11-13,88.0,60.75,-137.51,17.01,2.21
202,port-gentil,75.0,GA,2018-11-13,94.0,-0.72,8.78,78.8,3.11
203,phetchaburi,20.0,TH,2018-11-13,70.0,13.1,99.94,86.0,6.93
204,dukat,0.0,RS,2018-11-13,86.0,42.44,22.31,33.21,3.11
205,shangrao,68.0,CN,2018-11-13,76.0,28.45,117.97,63.81,3.04
206,katsuura,75.0,JP,2018-11-13,63.0,33.93,134.5,62.6,13.87
207,mitu,56.0,IR,2018-11-13,96.0,36.2,46.09,40.99,2.82
208,ponta delgada,75.0,PT,2018-11-13,88.0,37.73,-25.67,66.2,12.75
209,praia da vitoria,40.0,PT,2018-11-13,88.0,38.73,-27.07,68.0,25.64
210,pemba,0.0,MZ,2018-11-13,57.0,-12.97,40.52,78.8,6.93
211,bambous virieux,40.0,MU,2018-11-13,74.0,-20.34,57.76,80.6,12.75
212,sorong,88.0,ID,2018-11-13,100.0,-0.86,131.25,83.07,7.92
213,bondoukou,8.0,CI,2018-11-13,96.0,8.04,-2.8,70.74,2.89
214,souillac,90.0,FR,2018-11-13,93.0,45.6,-0.6,51.8,3.36
215,kantang,20.0,TH,2018-11-13,52.0,7.42,99.52,93.2,2.24
216,maumere,48.0,ID,2018-11-13,100.0,-8.63,122.22,83.83,2.26
217,atar,0.0,MR,2018-11-13,68.0,20.52,-13.05,52.29,5.84
218,naze,75.0,NG,2018-11-13,94.0,5.43,7.07,77.0,2.77
219,ilulissat,8.0,GL,2018-11-13,67.0,69.22,-51.1,21.2,18.34
220,pascagoula,90.0,US,2018-11-13,90.0,30.37,-88.56,59.0,10.29
221,garowe,0.0,SO,2018-11-13,68.0,8.41,48.48,74.79,6.4
222,sur,0.0,OM,2018-11-13,85.0,22.57,59.53,83.56,2.89
223,port lincoln,0.0,AU,2018-11-13,82.0,-34.72,135.86,65.11,11.83
224,darnah,92.0,LY,2018-11-13,100.0,32.77,22.64,64.48,4.23
225,ozernovskiy,68.0,RU,2018-11-13,98.0,51.5,156.52,38.25,8.08
226,fomboni,64.0,KM,2018-11-13,100.0,-12.28,43.74,78.88,11.88
227,labuhan,48.0,ID,2018-11-13,77.0,-2.54,115.51,83.88,2.82
228,yarada,48.0,IN,2018-11-13,100.0,17.65,83.27,82.26,23.85
229,muros,20.0,ES,2018-11-13,100.0,42.77,-9.06,32.0,5.84
230,cascais,0.0,PT,2018-11-13,81.0,38.7,-9.42,51.8,8.05
231,canoa,5.0,CU,2018-11-13,88.0,22.56,-79.83,71.6,1.12
232,chapleau,8.0,CA,2018-11-13,97.0,47.85,-83.4,11.88,5.39
233,senador guiomard,12.0,BR,2018-11-13,93.0,-10.15,-67.74,77.49,2.1
234,danjiangkou,0.0,CN,2018-11-13,71.0,32.54,111.51,59.31,5.28
235,nemuro,20.0,JP,2018-11-13,65.0,43.32,145.57,44.6,5.82
236,ewa beach,1.0,US,2018-11-13,73.0,21.32,-158.01,77.0,6.93
237,merauke,24.0,ID,2018-11-13,63.0,-8.49,140.4,91.26,14.34
238,vilhena,0.0,BR,2018-11-13,93.0,-12.74,-60.15,73.08,2.04
239,cururupu,0.0,BR,2018-11-13,83.0,-1.82,-44.87,78.93,7.29
240,aqtobe,8.0,KZ,2018-11-13,78.0,50.28,57.21,14.0,4.47
241,lysva,36.0,RU,2018-11-13,79.0,58.11,57.8,14.31,12.95
242,cooma,56.0,AU,2018-11-13,64.0,-36.24,149.13,68.44,5.91
243,roblin,24.0,CA,2018-11-13,77.0,51.23,-101.35,1.53,2.77
244,panacan,90.0,PH,2018-11-13,74.0,7.15,125.66,84.2,9.17
245,antofagasta,40.0,CL,2018-11-13,82.0,-23.65,-70.4,59.0,17.22
246,svetlogorsk,20.0,RU,2018-11-13,33.0,53.14,59.15,28.4,6.71
247,beyneu,24.0,KZ,2018-11-13,89.0,45.32,55.19,20.52,10.65
248,shingu,75.0,JP,2018-11-13,82.0,33.72,135.99,59.0,8.05
249,tual,44.0,ID,2018-11-13,100.0,-5.67,132.75,84.42,6.06
250,trairi,76.0,BR,2018-11-13,100.0,-3.28,-39.27,80.1,17.92
251,quang ngai,56.0,VN,2018-11-13,76.0,15.12,108.8,80.46,3.04
252,koutiala,0.0,ML,2018-11-13,68.0,12.39,-5.46,68.13,2.55
253,pevek,0.0,RU,2018-11-13,83.0,69.7,170.27,-4.87,7.29
254,araria,8.0,IN,2018-11-13,37.0,26.13,87.47,86.04,5.28
255,chokurdakh,80.0,RU,2018-11-13,61.0,70.62,147.9,-6.94,8.3
256,bezhanitsy,92.0,RU,2018-11-13,82.0,56.97,29.88,34.11,21.9
257,airai,48.0,TL,2018-11-13,59.0,-8.93,125.41,83.11,1.21
258,karpogory,80.0,RU,2018-11-13,78.0,64.0,44.44,27.36,9.86
259,kadiri,0.0,IN,2018-11-13,32.0,14.11,78.16,86.49,5.91
260,torbay,90.0,CA,2018-11-13,74.0,47.66,-52.73,33.8,24.16
261,qarchi gak,0.0,AF,2018-11-13,52.0,37.04,66.79,44.6,4.7
262,udachnyy,0.0,RU,2018-11-13,53.0,66.42,112.4,-19.0,3.11
263,okato,0.0,NZ,2018-11-13,85.0,-39.19,173.88,62.14,11.1
264,sao gabriel da cachoeira,56.0,BR,2018-11-13,94.0,-0.13,-67.09,77.49,2.37
265,zhigansk,56.0,RU,2018-11-13,56.0,66.77,123.37,-5.27,3.56
266,daru,48.0,SL,2018-11-13,94.0,7.99,-10.85,71.46,2.89
267,zvishavane,0.0,ZW,2018-11-13,43.0,-20.32,30.05,70.24,4.56
268,yerbogachen,48.0,RU,2018-11-13,55.0,61.28,108.01,-5.59,4.9
269,sergeyevka,64.0,KZ,2018-11-13,79.0,53.88,67.42,22.95,9.26
270,mahon,20.0,IE,2018-11-13,93.0,51.89,-8.4,41.0,8.05
271,misratah,12.0,LY,2018-11-13,98.0,32.38,15.09,67.41,10.76
272,cidreira,20.0,BR,2018-11-13,83.0,-30.17,-50.22,72.58,15.41
273,cherdakly,0.0,RU,2018-11-13,85.0,54.36,48.84,17.6,4.47
274,kokopo,48.0,PG,2018-11-13,100.0,-4.34,152.27,81.27,9.64
275,bafoulabe,76.0,ML,2018-11-13,51.0,13.81,-10.83,69.57,6.4
276,taoudenni,0.0,ML,2018-11-13,40.0,22.68,-3.98,53.41,3.56
277,bambanglipuro,88.0,ID,2018-11-13,91.0,-7.95,110.28,83.38,4.61
278,coron,8.0,FR,2018-11-13,100.0,47.13,-0.65,44.6,3.36
279,dunda,92.0,IN,2018-11-13,75.0,30.62,78.32,49.23,1.81
280,barsovo,90.0,RU,2018-11-13,92.0,61.17,73.17,26.6,11.18
281,nivala,68.0,FI,2018-11-13,96.0,63.93,24.96,41.58,9.75
282,miri,0.0,NG,2018-11-13,57.0,10.31,9.75,61.29,3.27
283,mar del plata,12.0,AR,2018-11-13,44.0,-46.43,-67.52,60.34,13.33
284,portland,1.0,US,2018-11-13,59.0,45.52,-122.67,42.98,5.82
285,broome,0.0,GB,2018-11-13,87.0,52.47,1.45,46.76,12.75
286,bayan,24.0,MN,2018-11-13,51.0,47.25,107.54,33.3,6.02
287,vestmannaeyjar,75.0,IS,2018-11-13,100.0,63.44,-20.27,39.2,5.82
288,maumee,90.0,US,2018-11-13,88.0,41.56,-83.65,35.06,4.7
289,mehamn,75.0,NO,2018-11-13,93.0,71.03,27.85,41.0,11.41
290,boyolangu,100.0,ID,2018-11-13,87.0,-8.09,111.9,80.91,4.05
291,nouadhibou,0.0,MR,2018-11-13,82.0,20.93,-17.03,64.4,12.75
292,haimen,24.0,CN,2018-11-13,69.0,31.87,121.18,62.82,10.6
293,cairns,20.0,AU,2018-11-13,45.0,-16.92,145.77,84.2,18.34
294,nanma,32.0,CN,2018-11-13,49.0,35.7,113.14,54.13,4.61
295,tshikapa,56.0,CD,2018-11-13,95.0,-6.42,20.79,72.36,2.33
296,rundu,0.0,NA,2018-11-13,15.0,-17.91,19.77,74.11,8.03
297,inuvik,90.0,CA,2018-11-13,77.0,68.36,-133.71,-0.41,13.87
298,mosquera,20.0,CO,2018-11-13,87.0,4.71,-74.23,51.8,2.24
299,karratha,0.0,AU,2018-11-13,22.0,-20.74,116.85,96.75,12.06
300,sundargarh,0.0,IN,2018-11-13,39.0,22.12,84.04,84.2,4.83
301,narasannapeta,36.0,IN,2018-11-13,45.0,18.42,84.04,89.14,9.26
302,isangel,90.0,VU,2018-11-13,88.0,-19.55,169.27,75.2,3.36
303,beloha,0.0,MG,2018-11-13,52.0,-25.17,45.06,77.71,19.37
304,khatanga,12.0,RU,2018-11-13,56.0,71.98,102.47,-19.27,5.91
305,harper,90.0,US,2018-11-13,69.0,30.3,-99.24,33.44,17.22
306,caravelas,88.0,BR,2018-11-13,100.0,-17.73,-39.27,76.14,15.68
307,yumen,36.0,CN,2018-11-13,69.0,40.29,97.04,36.99,4.5
308,nanakuli,1.0,US,2018-11-13,82.0,21.39,-158.15,77.0,15.9
309,wagar,92.0,US,2018-11-13,100.0,31.44,-87.99,58.09,5.79
310,la romana,40.0,DO,2018-11-13,88.0,18.43,-68.97,78.8,8.05
311,los llanos de aridane,48.0,ES,2018-11-13,63.0,28.66,-17.92,66.2,12.75
312,guamal,68.0,CO,2018-11-13,100.0,9.14,-74.22,75.28,2.37
313,manaus,0.0,BR,2018-11-13,74.0,-3.13,-59.98,84.2,4.7
314,henties bay,88.0,NA,2018-11-13,84.0,-22.12,14.28,64.71,6.02
315,kathmandu,20.0,NP,2018-11-13,49.0,27.71,85.32,69.8,4.7
316,montlucon,92.0,FR,2018-11-13,97.0,46.33,2.6,47.7,4.05
317,polonnaruwa,32.0,LK,2018-11-13,74.0,7.94,81.0,85.5,13.29
318,guerrero negro,0.0,MX,2018-11-13,52.0,27.97,-114.04,64.48,19.44
319,si sa ket,40.0,TH,2018-11-13,52.0,15.12,104.33,93.2,3.36
320,kahului,40.0,US,2018-11-13,76.0,20.89,-156.47,73.94,8.05
321,novopokrovka,80.0,RU,2018-11-13,75.0,45.85,134.51,34.11,4.05
322,opuwo,0.0,NA,2018-11-13,17.0,-18.06,13.84,76.77,11.61
323,bonito,0.0,BR,2018-11-13,92.0,-1.36,-47.3,73.98,6.4
324,bacalar,88.0,MX,2018-11-13,93.0,18.68,-88.39,81.76,5.91
325,miraflores,8.0,CO,2018-11-13,92.0,5.2,-73.14,44.41,1.7
326,kaseda,40.0,JP,2018-11-13,49.0,31.42,130.32,68.0,3.36
327,mildura,92.0,AU,2018-11-13,46.0,-34.18,142.16,77.44,4.79
328,saint-joseph,75.0,FR,2018-11-13,87.0,43.56,6.97,59.0,4.7
329,preobrazheniye,0.0,RU,2018-11-13,55.0,42.9,133.91,37.84,3.27
330,canavieiras,64.0,BR,2018-11-13,100.0,-15.68,-38.95,73.39,3.0
331,tonota,0.0,BW,2018-11-13,35.0,-21.44,27.46,73.4,12.75
332,pombas,76.0,BR,2018-11-13,87.0,-15.9,-54.74,75.42,2.37
333,las palmas,20.0,PE,2018-11-13,87.0,-6.53,-76.35,76.05,2.26
334,cento,20.0,IT,2018-11-13,87.0,44.73,11.29,55.4,3.36
335,rawson,8.0,AR,2018-11-13,78.0,-43.3,-65.11,52.96,4.27
336,gizo,20.0,IL,2018-11-13,45.0,31.8,34.94,69.8,1.12
337,chinsali,0.0,ZM,2018-11-13,33.0,-10.55,32.07,72.27,13.18
338,arethousa,75.0,GR,2018-11-13,76.0,40.74,23.59,50.0,3.04
339,sao felix do xingu,20.0,BR,2018-11-13,95.0,-6.64,-51.99,74.52,2.71
340,sao miguel do araguaia,8.0,BR,2018-11-13,92.0,-13.28,-50.16,75.19,8.14
341,aksu,90.0,KZ,2018-11-13,85.0,52.04,76.93,17.6,13.42
342,storsteinnes,75.0,NO,2018-11-13,100.0,69.24,19.23,41.0,1.77
343,ouidah,40.0,BJ,2018-11-13,94.0,6.37,2.09,78.8,3.36
344,maceio,20.0,BR,2018-11-13,94.0,-9.67,-35.74,73.4,4.7
345,constitucion,0.0,MX,2018-11-13,85.0,23.99,-104.67,38.83,3.6
346,ouadda,0.0,CF,2018-11-13,59.0,8.07,22.4,69.39,12.66
347,tarakan,88.0,ID,2018-11-13,93.0,3.3,117.63,83.29,3.11
348,ancud,24.0,CL,2018-11-13,85.0,-41.87,-73.83,42.43,2.59
349,kudahuvadhoo,36.0,MV,2018-11-13,100.0,2.67,72.89,81.9,13.67
350,zaykovo,12.0,RU,2018-11-13,61.0,57.56,62.76,23.85,11.05
351,ambovombe,32.0,MG,2018-11-13,88.0,-25.18,46.09,72.72,18.37
352,menongue,0.0,AO,2018-11-13,30.0,-14.66,17.68,70.51,6.29
353,cuamba,0.0,MZ,2018-11-13,64.0,-14.8,36.54,70.69,8.03
354,kabin buri,32.0,TH,2018-11-13,66.0,13.95,101.72,90.58,5.35
355,makakilo city,1.0,US,2018-11-13,73.0,21.35,-158.09,77.0,6.93
356,surab,0.0,PK,2018-11-13,72.0,28.49,66.26,60.57,4.12
357,poum,0.0,MK,2018-11-13,70.0,41.28,20.71,24.21,1.48
358,northam,0.0,GB,2018-11-13,87.0,51.04,-4.21,51.8,5.82
359,amursk,32.0,RU,2018-11-13,63.0,50.23,136.9,33.34,6.91
360,huai mek,75.0,TH,2018-11-13,49.0,16.59,103.24,93.2,4.7
361,uvarovka,0.0,RU,2018-11-13,73.0,55.53,35.61,16.2,13.18
362,zhangye,0.0,CN,2018-11-13,77.0,38.94,100.46,39.51,10.83
363,acapulco,40.0,MX,2018-11-13,88.0,16.86,-99.88,78.8,4.56
364,cabras,92.0,CO,2018-11-13,97.0,5.5,-75.6,61.83,1.59
365,fortuna,0.0,ES,2018-11-13,87.0,38.18,-1.13,53.6,4.7
366,seoul,0.0,KR,2018-11-13,35.0,37.57,126.98,59.0,10.29
367,necochea,92.0,AR,2018-11-13,95.0,-38.55,-58.74,65.83,8.3
368,praia,0.0,BR,2018-11-13,77.0,-20.25,-43.81,69.8,5.82
369,bere,0.0,NG,2018-11-13,96.0,8.48,4.47,69.66,5.61
370,nelson,36.0,CA,2018-11-13,86.0,49.49,-117.29,18.09,1.7
371,bulancak,92.0,TR,2018-11-13,100.0,40.94,38.23,44.59,2.55
372,novyye gorki,0.0,RU,2018-11-13,82.0,56.73,41.06,12.06,13.29
373,finschhafen,88.0,PG,2018-11-13,96.0,-6.6,147.85,75.51,2.82
374,bonfim,24.0,GY,2018-11-13,61.0,3.36,-59.84,84.46,14.63
375,erenhot,0.0,CN,2018-11-13,47.0,43.65,111.97,51.93,10.83
376,danielskuil,0.0,ZA,2018-11-13,20.0,-28.19,23.54,78.43,12.1
377,celestun,80.0,MX,2018-11-13,92.0,20.87,-90.4,83.11,5.61
378,fukue,90.0,JP,2018-11-13,52.0,35.03,136.69,66.2,10.29
379,jiaonan,0.0,CN,2018-11-13,41.0,35.88,119.98,60.8,4.47
380,planaltina,40.0,BR,2018-11-13,94.0,-15.62,-47.66,68.0,3.36
381,santiago del estero,88.0,AR,2018-11-13,94.0,-27.8,-64.26,69.79,12.17
382,port hedland,0.0,AU,2018-11-13,55.0,-20.31,118.58,89.6,16.11
383,east london,40.0,ZA,2018-11-13,73.0,-33.02,27.91,73.4,3.36
384,angad,20.0,PH,2018-11-13,62.0,17.58,120.63,87.8,6.93
385,samarai,48.0,PG,2018-11-13,100.0,-10.62,150.67,81.04,14.56
386,fort nelson,75.0,CA,2018-11-13,92.0,58.81,-122.69,21.2,3.36
387,bonavista,88.0,CA,2018-11-13,96.0,48.65,-53.11,39.15,29.62
388,grindavik,90.0,IS,2018-11-13,93.0,63.84,-22.43,39.2,2.24
389,nhulunbuy,20.0,AU,2018-11-13,59.0,-12.18,136.78,89.6,14.99
390,macaubas,12.0,BR,2018-11-13,90.0,-13.02,-42.7,67.81,6.06
391,tautira,40.0,PF,2018-11-13,74.0,-17.73,-149.15,80.6,6.93
392,dingle,32.0,PH,2018-11-13,60.0,11.0,122.67,87.43,13.33
393,moram,0.0,NG,2018-11-13,33.0,10.55,12.13,70.02,6.51
394,lumberton,90.0,US,2018-11-13,79.0,30.27,-94.2,46.94,23.04
395,roma,0.0,IT,2018-11-13,93.0,41.89,12.48,55.4,3.36
396,ntchisi,0.0,MW,2018-11-13,56.0,-13.36,33.92,68.0,14.99
397,lebu,20.0,ET,2018-11-13,51.0,8.96,38.73,62.6,6.93
398,sipote,0.0,PT,2018-11-13,96.0,39.79,-7.97,40.81,4.38
399,nioro,32.0,GM,2018-11-13,64.0,13.79,-15.05,70.24,3.6
400,dasoguz,0.0,TM,2018-11-13,38.0,41.84,59.97,24.8,13.87
401,meulaboh,92.0,ID,2018-11-13,100.0,4.14,96.13,76.86,6.91
402,manaure,68.0,CO,2018-11-13,97.0,11.78,-72.45,82.48,20.04
403,alyangula,24.0,AU,2018-11-13,93.0,-13.85,136.42,86.85,15.57
404,broken hill,92.0,AU,2018-11-13,99.0,-31.97,141.45,65.38,4.72
405,ratnagiri,0.0,IN,2018-11-13,82.0,16.98,73.3,87.66,6.91
406,vredendal,92.0,ZA,2018-11-13,88.0,-31.68,18.49,56.61,3.56
407,minab,20.0,IR,2018-11-13,54.0,27.15,57.07,82.4,6.93
408,ust-nera,32.0,RU,2018-11-13,78.0,64.57,143.24,-20.08,1.77
409,srednekolymsk,0.0,RU,2018-11-13,67.0,67.46,153.71,-22.6,2.82
410,sangmelima,92.0,CM,2018-11-13,97.0,2.93,11.98,70.29,2.77
411,barabai,44.0,ID,2018-11-13,71.0,-2.59,115.38,87.93,3.0
412,klaksvik,68.0,FO,2018-11-13,100.0,62.23,-6.59,39.2,1.12
413,waingapu,44.0,ID,2018-11-13,96.0,-9.65,120.26,81.81,4.12
414,niquero,20.0,CU,2018-11-13,92.0,20.04,-77.58,83.16,13.18
415,shetpe,24.0,KZ,2018-11-13,73.0,44.14,52.16,27.31,15.19
416,antalaha,24.0,MG,2018-11-13,96.0,-14.9,50.28,77.94,10.16
417,kemise,0.0,ET,2018-11-13,42.0,10.72,39.87,59.94,1.77
418,ballina,20.0,IE,2018-11-13,93.0,54.11,-9.15,42.8,9.17
419,san rafael del sur,20.0,NI,2018-11-13,94.0,11.85,-86.44,75.2,6.93
420,tirlyanskiy,44.0,RU,2018-11-13,61.0,54.22,58.58,20.88,11.1
421,quatre cocos,40.0,MU,2018-11-13,65.0,-20.21,57.76,82.4,12.75
422,coihaique,0.0,CL,2018-11-13,71.0,-45.58,-72.07,53.6,5.82
423,srikakulam,32.0,IN,2018-11-13,97.0,18.29,83.89,82.8,20.94
424,tokur,8.0,RU,2018-11-13,61.0,53.13,132.9,25.74,2.48
425,kirakira,48.0,SB,2018-11-13,99.0,-10.46,161.92,83.79,15.3
426,kununurra,20.0,AU,2018-11-13,28.0,-15.77,128.74,104.0,8.05
427,huancavelica,0.0,PE,2018-11-13,90.0,-12.79,-74.97,26.46,4.61
428,fort-shevchenko,64.0,KZ,2018-11-13,100.0,44.51,50.26,33.93,22.24
429,leningradskiy,0.0,RU,2018-11-13,100.0,69.38,178.42,9.81,9.37
430,fairbanks,90.0,US,2018-11-13,92.0,64.84,-147.72,24.98,4.7
431,bogorodskoye,92.0,RU,2018-11-13,80.0,52.37,140.44,34.11,9.53
432,blythe,1.0,US,2018-11-13,15.0,33.61,-114.59,57.02,8.05
433,hambantota,8.0,LK,2018-11-13,94.0,6.12,81.12,85.05,15.41
434,akranes,90.0,IS,2018-11-13,93.0,64.32,-22.07,39.2,2.24
435,leczyca,56.0,PL,2018-11-13,93.0,52.06,19.2,42.8,3.36
436,fontanafredda,40.0,IT,2018-11-13,87.0,45.97,12.57,59.0,2.48
437,pochutla,0.0,MX,2018-11-13,100.0,15.74,-96.47,81.27,11.88
438,jimma,44.0,ET,2018-11-13,93.0,7.67,36.84,60.43,1.7
439,grand gaube,40.0,MU,2018-11-13,65.0,-20.01,57.66,82.4,12.75
440,brooks,44.0,CA,2018-11-13,84.0,50.57,-111.89,24.79,9.04
441,pisco,0.0,PE,2018-11-13,88.0,-13.71,-76.2,62.6,2.24
442,victoria,75.0,BN,2018-11-13,74.0,5.28,115.24,86.0,3.36
443,ishigaki,75.0,JP,2018-11-13,78.0,24.34,124.16,77.0,23.04
444,biak,56.0,ID,2018-11-13,71.0,-0.91,122.88,86.98,4.5
445,la paz,5.0,MX,2018-11-13,52.0,24.15,-110.32,69.8,6.93
446,vestmanna,44.0,FO,2018-11-13,100.0,62.16,-7.17,39.2,1.12
447,bedele,12.0,ET,2018-11-13,69.0,8.46,36.35,65.11,3.11
448,bonthe,8.0,SL,2018-11-13,98.0,7.53,-12.5,77.89,2.37
449,esil,68.0,KZ,2018-11-13,70.0,51.96,66.41,20.07,8.52
450,luganville,100.0,VU,2018-11-13,100.0,-15.51,167.18,77.4,6.06
451,tazovskiy,88.0,RU,2018-11-13,66.0,67.47,78.7,-0.28,20.11
452,edd,0.0,ER,2018-11-13,28.0,13.93,41.69,84.15,3.38
453,havre-saint-pierre,40.0,CA,2018-11-13,79.0,50.23,-63.6,19.4,10.29
454,ornskoldsvik,0.0,SE,2018-11-13,100.0,63.29,18.72,37.4,4.7
455,sungaipenuh,64.0,ID,2018-11-13,71.0,-2.08,101.38,78.43,1.32
456,san patricio,8.0,PY,2018-11-13,62.0,-26.98,-56.83,81.31,6.29
457,salamanca,90.0,ES,2018-11-13,93.0,40.97,-5.66,46.4,5.82
458,sabha,0.0,LY,2018-11-13,77.0,27.03,14.43,47.61,5.84
459,grand-lahou,0.0,CI,2018-11-13,95.0,5.24,-5.0,74.7,3.04
460,batemans bay,36.0,AU,2018-11-13,73.0,-35.71,150.18,72.9,7.63
461,maniitsoq,0.0,GL,2018-11-13,100.0,65.42,-52.9,16.56,7.07
462,vidim,90.0,CZ,2018-11-13,93.0,50.47,14.53,44.6,4.7
463,liusha,76.0,CN,2018-11-13,98.0,27.21,108.59,52.24,4.05
464,college,90.0,US,2018-11-13,92.0,64.86,-147.8,24.98,4.7
465,marzuq,0.0,YE,2018-11-13,32.0,14.4,46.47,71.23,3.56
466,aksarka,92.0,RU,2018-11-13,90.0,66.56,67.8,30.6,20.11
467,tombouctou,12.0,ML,2018-11-13,37.0,16.77,-3.01,64.17,2.82
468,half moon bay,75.0,US,2018-11-13,42.0,37.46,-122.43,55.04,3.36
469,helena,1.0,US,2018-11-13,73.0,46.59,-112.04,21.02,3.36
470,san juan de los morros,8.0,VE,2018-11-13,97.0,9.91,-67.35,61.83,2.1
471,thiruvananthapuram,75.0,IN,2018-11-13,70.0,8.48,76.92,86.0,4.7
472,neftcala,92.0,AZ,2018-11-13,100.0,39.37,49.25,53.37,7.81
473,charters towers,0.0,AU,2018-11-13,42.0,-20.07,146.27,86.26,10.83
474,san rafael,48.0,AR,2018-11-13,83.0,-34.61,-68.33,46.26,2.59
475,nyagan,88.0,RU,2018-11-13,81.0,62.14,65.43,26.37,10.27
476,soyo,92.0,AO,2018-11-13,95.0,-6.13,12.37,75.78,3.6
477,moree,0.0,AU,2018-11-13,38.0,-29.46,149.84,82.35,5.91
478,beringovskiy,56.0,RU,2018-11-13,100.0,63.05,179.32,18.63,20.6
479,nizhnevartovsk,90.0,RU,2018-11-13,86.0,60.93,76.58,26.6,6.71
480,arlit,24.0,NE,2018-11-13,31.0,18.74,7.39,57.51,1.77
481,san quintin,20.0,PH,2018-11-13,62.0,17.54,120.52,87.8,6.93
482,mount isa,75.0,AU,2018-11-13,33.0,-20.73,139.49,91.4,17.22
483,mandalgovi,0.0,MN,2018-11-13,64.0,45.76,106.27,38.74,5.5
484,hays,1.0,US,2018-11-13,86.0,38.88,-99.33,12.92,3.36
485,ouro branco,56.0,BR,2018-11-13,96.0,-20.52,-43.69,61.92,3.56
486,jonkoping,40.0,SE,2018-11-13,100.0,57.78,14.16,42.8,5.82
487,jijiga,0.0,ET,2018-11-13,44.0,9.35,42.8,71.82,3.49
488,bongandanga,0.0,CD,2018-11-13,86.0,1.51,21.07,77.31,3.11
489,pinega,88.0,RU,2018-11-13,77.0,64.7,43.39,29.56,10.6
490,norsup,32.0,VU,2018-11-13,100.0,-16.07,167.38,75.46,6.73
491,paka,24.0,HR,2018-11-13,87.0,45.29,18.06,42.8,5.82
492,rurrenabaque,48.0,BO,2018-11-13,88.0,-14.44,-67.53,72.45,2.33
493,barguzin,64.0,RU,2018-11-13,61.0,53.62,109.63,12.06,2.71
494,rypefjord,75.0,NO,2018-11-13,100.0,70.63,23.67,42.8,10.29
495,muisne,92.0,EC,2018-11-13,89.0,0.61,-80.02,73.17,7.52
496,gigmoto,32.0,PH,2018-11-13,95.0,13.78,124.39,83.29,9.31
497,noumea,36.0,NC,2018-11-13,65.0,-22.28,166.46,77.0,18.34
498,van,20.0,TR,2018-11-13,100.0,38.51,43.37,44.6,4.7
499,shache,0.0,CN,2018-11-13,51.0,38.42,77.24,51.21,9.6
500,flinders,0.0,AU,2018-11-13,50.0,-34.58,150.85,77.0,14.99
501,nha trang,0.0,VN,2018-11-13,83.0,12.24,109.19,81.9,9.86
502,faya,0.0,SA,2018-11-13,49.0,18.39,42.45,69.8,6.93
503,san carlos de bariloche,0.0,AR,2018-11-13,81.0,-41.13,-71.31,44.6,6.93
504,orocue,8.0,CO,2018-11-13,82.0,4.79,-71.34,76.68,6.06
505,macenta,68.0,GN,2018-11-13,98.0,8.55,-9.47,66.06,2.37
506,hokitika,0.0,NZ,2018-11-13,92.0,-42.72,170.96,57.69,9.93
507,porto murtinho,0.0,BR,2018-11-13,68.0,-21.7,-57.88,82.98,10.94
508,malanje,36.0,AO,2018-11-13,99.0,-9.54,16.35,65.83,3.49
509,along,48.0,IN,2018-11-13,57.0,28.17,94.8,65.79,1.77
510,shakawe,0.0,BW,2018-11-13,18.0,-18.36,21.84,73.35,11.88
511,tacoronte,75.0,ES,2018-11-13,82.0,28.48,-16.41,66.2,13.87
512,narsaq,56.0,GL,2018-11-13,30.0,60.91,-46.05,41.0,27.51
513,bowen,40.0,AU,2018-11-13,61.0,-20.01,148.25,80.6,19.46
514,dhidhdhoo,0.0,MV,2018-11-13,100.0,6.88,73.1,83.56,9.75
515,douglas,90.0,US,2018-11-13,92.0,58.28,-134.39,46.04,10.94
516,saldanha,88.0,PT,2018-11-13,94.0,41.42,-6.55,38.88,5.57
517,mokhsogollokh,76.0,RU,2018-11-13,59.0,61.4,128.95,1.8,3.83
518,ranghulu,0.0,CN,2018-11-13,56.0,46.63,124.88,41.22,5.5
519,okhotsk,88.0,RU,2018-11-13,93.0,59.36,143.24,30.06,13.96
520,healesville,76.0,AU,2018-11-13,30.0,-37.65,145.52,82.4,25.28
521,manzil kamil,40.0,TN,2018-11-13,93.0,35.62,10.67,62.6,4.34
522,lazaro cardenas,92.0,MX,2018-11-13,63.0,28.39,-105.62,36.36,20.94
523,panguipulli,20.0,CL,2018-11-13,100.0,-39.64,-72.33,42.8,2.24
524,alcaniz,88.0,ES,2018-11-13,80.0,41.05,-0.13,47.16,2.77
525,altay,0.0,CN,2018-11-13,67.0,47.83,88.13,3.6,2.89
526,emba,20.0,CY,2018-11-13,55.0,34.81,32.42,66.2,5.82
527,la sarre,64.0,CA,2018-11-13,100.0,48.8,-79.2,24.03,12.28
528,mount gambier,12.0,AU,2018-11-13,71.0,-37.83,140.78,70.65,5.23
529,desaguadero,32.0,PE,2018-11-13,53.0,-16.56,-69.04,35.37,2.82
530,hailar,0.0,CN,2018-11-13,42.0,49.2,119.7,43.69,11.1
531,arvika,90.0,SE,2018-11-13,100.0,59.65,12.59,44.6,5.82
532,prince rupert,90.0,CA,2018-11-13,37.0,54.32,-130.32,53.6,12.75
533,maldonado,90.0,UY,2018-11-13,94.0,-34.91,-54.96,69.8,11.41
534,ihtiman,40.0,BG,2018-11-13,100.0,42.44,23.81,30.2,3.36
535,xining,0.0,CN,2018-11-13,45.0,36.62,101.77,44.82,2.55
536,san pedro,92.0,AR,2018-11-13,97.0,-33.68,-59.66,70.11,3.78
537,port hardy,75.0,CA,2018-11-13,61.0,50.7,-127.42,48.2,6.93
538,padang,36.0,ID,2018-11-13,100.0,-0.92,100.36,82.71,3.33
539,vila,40.0,IT,2018-11-13,100.0,45.18,8.4,53.6,5.82
540,vorontsovka,0.0,RU,2018-11-13,62.0,50.61,40.34,18.45,11.61
541,galle,90.0,US,2018-11-13,72.0,29.74,-97.91,39.02,22.06
542,kloulklubed,75.0,PW,2018-11-13,74.0,7.04,134.26,84.2,6.93
543,andros town,92.0,BS,2018-11-13,82.0,24.73,-77.79,79.69,12.06
544,pangnirtung,0.0,CA,2018-11-13,100.0,66.15,-65.72,0.45,7.4
